股票代码,股票简称,最新价,涨跌幅(%),PE(TTM),PE(静),市净率,PEG值,市销率,市现率,所属行业
000001,平安银行,14.71,2.08,7.31,7.86,0.85,0.28,1.64,-8.38,银行
000002,万科A,19.07,1.01,9.78,9.84,0.94,-,0.49,-8.52,房地产开发
000006,深振业A,4.44,-4.31,18.92,11.07,0.78,-,2.38,-1.39,房地产开发
000016,深康佳A,4.65,0.22,11.96,12.37,1.2,-,0.24,15.84,家电行业
000026,飞亚达,8.87,-1.22,10.62,9.74,1.23,0.36,0.75,7.07,珠宝首饰
000027,深圳能源,5.91,-0.84,13.81,13.21,0.99,-,0.84,5.66,电力行业
000028,国药一致,28.14,-2.46,9.56,9.01,0.79,-,0.17,6.91,医药商业
000030,富奥股份,5.32,0.0,14.91,11.45,1.28,-,0.77,7.57,汽车零部件
000035,中国天楹,4.38,1.39,17.03,15.16,1.01,1.41,0.69,6.97,环保行业
000036,华联控股,4.14,-2.82,18.17,15.12,1.23,-,3.92,-13.95,房地产开发
000039,中集集团,13.12,1.0,6.87,7.08,1.01,0.56,0.28,2.02,通用设备
000042,中洲控股,9.24,-10.03,16.72,29.83,0.76,-,0.77,-6.41,房地产开发
000045,深纺织A,6.63,-0.45,93.25,54.91,1.18,2.22,1.39,687.59,光学光电子
000050,深天马A,9.07,0.67,13.65,14.45,0.74,3.18,0.7,4.22,光学光电子
000055,方大集团,4.13,-1.2,23.23,19.96,0.8,-,1.24,76.03,装修装饰
000059,华锦股份,6.12,0.16,14.82,10.95,0.67,0.10,0.24,7.47,石油行业
000060,中金岭南,4.12,0.0,12.05,12.83,1.17,0.79,0.3,9.22,有色金属
000065,北方国际,7.69,-1.03,11.66,12.35,1.25,-,0.56,6.74,工程建设
000069,华侨城A,5.78,-2.36,15.42,12.48,0.6,-,0.47,4.31,房地产开发
000088,盐田港,4.94,-2.37,24.19,24.08,1.22,1.24,15.33,35.70,航运港口
000090,天健集团,7.54,-5.28,7.34,7.29,1.37,0.19,0.61,-4.46,工程建设
000099,中信海直,6.98,-1.41,19.07,21.97,1.13,1.72,3.17,9.42,航空机场
000100,TCL科技,4.24,0.71,6.61,5.92,1.37,0.06,0.35,2.07,光学光电子
000156,华数传媒,7.34,-1.34,14.75,15.0,0.95,2.03,1.55,6.56,文化传媒
000157,中联重科,5.83,-0.51,10.63,8.07,0.88,-,0.87,91.26,工程机械
000158,常山北明,5.42,-0.18,64.96,66.14,1.43,1.98,0.76,-236.51,综合行业
000159,国际实业,5.41,1.12,177.22,94.01,1.16,-,2.12,39.75,石油行业
000166,申万宏源,3.99,0.0,12.43,10.63,1.04,0.54,3.28,-3.73,证券
000338,潍柴动力,11.3,4.53,14.18,10.66,1.36,29.78,0.55,7.93,汽车零部件
000401,冀东水泥,10.58,-1.31,10.7,10.01,0.9,-,0.78,5.52,水泥建材
000402,金融街,6.31,-2.02,9.34,11.48,0.5,-,0.69,-6.07,房地产开发
000404,长虹华意,4.44,-0.89,14.63,16.66,0.89,0.18,0.23,2.35,家电行业
000417,合肥百货,4.79,-2.64,22.76,20.66,0.88,0.66,0.59,3.69,商业百货
000419,通程控股,5.1,-0.58,16.5,20.02,0.91,-,1.21,6.47,商业百货
000421,南京公用,4.61,-1.71,38.54,27.03,0.94,1.23,0.68,7.85,燃气
000425,徐工机械,5.09,0.2,7.53,7.1,1.06,0.16,0.5,5.96,工程机械
000488,晨鸣纸业,5.49,-0.72,16.38,7.93,0.9,1.08,0.52,3.02,造纸印刷
000498,山东路桥,10.22,2.51,7.21,7.47,1.48,0.11,0.26,-4.09,工程建设
000501,武商集团,10.07,-2.52,11.71,10.29,0.71,0.37,1.11,5.94,商业百货
000507,珠海港,5.96,-1.97,13.07,12.29,1.04,0.17,0.84,6.46,航运港口
000514,渝开发,5.73,-9.05,28.23,29.82,1.38,0.69,4.07,32.46,房地产开发
000517,荣安地产,3.87,-5.61,8.68,11.34,1.28,-,0.66,2.59,房地产开发
000521,长虹美菱,3.46,-1.42,68.86,68.66,0.74,0.83,0.2,54.87,家电行业
000528,柳工,6.25,-1.26,16.03,12.28,0.78,-,0.46,260.14,工程机械
000541,佛山照明,4.77,0.21,24.82,25.98,1.23,-,1.25,-12.46,家电行业
000544,中原环保,5.84,-2.34,11.67,11.19,0.86,4.67,0.93,-1.55,公用事业
000550,江铃汽车,15.16,4.19,26.67,22.79,1.5,7.30,0.38,12.1,汽车整车
000552,靖远煤电,4.07,-1.93,9.5,13.26,1.11,0.11,1.91,3.49,煤炭行业
000553,安道麦A,11.27,-4.09,60.19,166.82,1.23,-,0.8,7.32,农药兽药
000557,西部创业,3.97,-0.5,24.38,25.66,1.06,0.78,4.03,33.42,物流行业
000563,陕国投A,2.96,-1.0,15.96,16.02,0.95,2.35,6.22,-4.51,多元金融
000570,苏常柴A,4.17,-0.24,62.15,28.57,0.99,0.75,1.25,-22.81,汽车零部件
000573,粤宏远A,3.33,-0.89,30.31,15.12,1.27,0.02,2.01,92.42,房地产开发
000581,威孚高科,20.59,0.83,8.48,8.06,1.03,-,1.56,347.62,汽车零部件
000582,北部湾港,7.71,-3.14,13.33,13.36,1.25,-,2.27,7.98,航运港口
000589,贵州轮胎,4.04,0.25,14.33,12.54,0.77,-,0.62,29.43,橡胶制品
000591,太阳能,7.18,1.41,18.63,18.28,1.42,1.31,3.16,10.34,电力行业
000598,兴蓉环境,5.12,-0.39,9.86,10.23,1.11,0.65,2.2,5.84,公用事业
000601,韶能股份,4.5,-0.44,190.89,175.73,1.03,-,1.33,15.56,电力行业
000605,渤海股份,5.87,0.0,229.19,180.94,0.98,-,1.14,8.55,公用事业
000608,阳光股份,3.19,-0.31,35.35,37.22,0.77,-,4.09,10.09,房地产开发
000612,焦作万方,5.45,-0.18,16.6,16.38,1.23,-,1.29,-40.07,有色金属
000617,中油资本,4.7,-0.42,10.74,10.71,0.63,-,1.89,1.03,多元金融
000623,吉林敖东,14.28,-0.49,11.47,9.33,0.68,2.92,6.87,63.37,化学制药
000627,天茂集团,2.9,0.0,36.41,30.44,0.66,-,0.26,-8.48,保险
000630,铜陵有色,3.3,1.54,10.38,11.2,1.44,0.03,0.27,5.3,有色金属
000631,顺发恒业,3.43,-2.28,75.01,87.32,1.33,-,29.62,5.23,房地产开发
000639,西王食品,4.34,-2.03,60.93,25.52,1.25,-,0.77,-19.11,食品饮料
000652,泰达股份,3.64,-0.82,22.27,22.29,1.01,0.99,0.24,-3.7,综合行业
000655,金岭矿业,5.91,0.85,49.04,27.5,1.2,-,2.05,9.35,钢铁行业
000656,金科股份,3.95,-3.42,7.4,5.86,0.62,-,0.19,1.11,房地产开发
000666,经纬纺机,7.82,-2.01,9.03,9.16,0.58,0.18,0.44,1.53,多元金融
000668,荣丰控股,11.76,-3.61,7.25,7.33,1.47,-,4.64,28.9,房地产开发
000685,中山公用,7.41,-0.13,8.18,7.46,0.72,1.26,4.55,31.41,公用事业
000686,东北证券,6.38,0.16,14.55,9.19,0.84,0.65,2.14,3.5,证券
000690,宝新能源,4.08,-1.21,12.04,10.77,0.79,-,0.92,6.09,电力行业
000703,恒逸石化,8.46,-0.12,10.58,9.1,1.19,0.88,0.24,7.0,化纤行业
000705,浙江震元,7.67,-2.29,34.46,33.16,1.38,-,0.69,32.7,医药商业
000709,河钢股份,2.33,0.0,9.82,9.2,0.48,0.18,0.17,1.71,钢铁行业
000715,中兴商业,5.88,-9.95,18.56,17.99,1.46,0.56,2.89,42.68,商业百货
000717,韶钢松山,3.46,-0.86,5.19,4.36,0.76,1.88,0.19,3.88,钢铁行业
000718,苏宁环球,3.76,-2.84,23.41,18.16,1.27,-,4.3,21.37,房地产开发
000719,中原传媒,6.89,-0.72,7.23,7.23,0.74,1.42,0.77,3.98,文化传媒
000725,京东方A,3.84,0.0,5.91,5.72,1.11,0.01,0.67,2.36,光学光电子
000726,鲁泰A,7.2,0.42,14.78,18.39,0.79,0.04,1.1,17.33,纺织服装
000728,国元证券,5.81,0.17,17.42,13.28,0.79,0.37,4.39,50.1,证券
000729,燕京啤酒,6.79,0.74,56.71,83.93,1.43,4.38,1.56,12.55,酿酒行业
000731,四川美丰,9.1,-0.98,7.66,9.37,1.48,0.01,1.17,5.5,化肥行业
000750,国海证券,3.39,-0.29,28.71,24.14,0.99,4.07,3.87,1.11,证券
000751,锌业股份,3.08,-0.65,24.49,18.89,1.47,-,0.18,113.81,有色金属
000753,漳州发展,3.78,-1.82,27.62,27.64,1.42,17.17,1.21,-6.08,汽车服务
000755,山西路桥,3.93,-1.5,14.11,14.2,1.37,0.02,3.53,4.09,铁路公路
000757,浩物股份,3.88,3.47,31.81,29.78,1.45,0.67,0.61,11.8,汽车服务
000761,本钢板材,4.06,-0.73,7.42,6.67,0.76,0.02,0.21,9.99,钢铁行业
000776,广发证券,15.9,0.95,12.6,11.16,1.14,1.51,3.95,-11.45,证券
000778,新兴铸管,4.79,-1.44,8.92,9.52,0.79,0.95,0.36,7.08,钢铁行业
000783,长江证券,5.53,0.18,17.43,12.69,1.02,1.09,4.08,2.37,证券
000785,居然之家,4.13,-0.24,12.19,11.6,1.37,0.16,2.1,4.53,商业百货
000789,万年青,11.31,-0.35,6.1,5.66,1.22,0.80,0.63,4.51,水泥建材
000791,甘肃电投,5.4,-0.55,29.63,28.2,1.09,-,3.68,6.27,电力行业
000797,中国武夷,3.69,-5.63,121.78,108.11,1.12,-,0.66,9.0,房地产开发
000800,一汽解放,8.14,2.13,14.77,9.71,1.42,0.30,0.55,4.3,汽车整车
000811,冰轮环境,9.1,0.55,22.76,22.56,1.46,0.60,1.23,16.53,通用设备
000823,超声电子,9.27,0.54,13.26,13.25,1.21,0.66,0.72,8.02,电子元件
000825,太钢不锈,5.5,-1.08,5.48,4.97,0.86,0.02,0.3,2.24,钢铁行业
000828,东莞控股,9.78,1.24,11.82,10.94,1.18,7.11,1.97,-18.93,铁路公路
000850,华茂股份,3.59,-1.37,9.71,7.05,0.74,0.05,0.96,15.66,纺织服装
000851,高鸿股份,4.33,-0.69,303.2,321.41,1.1,2.85,0.6,-28.61,通信设备
000863,三湘印象,3.2,-1.54,285.79,34.55,0.87,-,1.89,72.51,房地产开发
000877,天山股份,12.18,-0.65,8.64,8.42,1.3,0.00,0.62,3.84,水泥建材
000880,潍柴重机,7.53,2.03,18.1,18.24,1.46,0.73,0.74,186.21,通用设备
000881,中广核技,8.0,-0.62,39.51,42.8,1.23,-,0.89,14.46,化学制品
000883,湖北能源,4.22,-0.71,12.63,11.85,0.9,-,1.13,5.88,电力行业
000885,城发环境,9.18,-1.4,5.93,6.12,1.01,0.12,0.97,4.83,铁路公路
000886,海南高速,4.25,10.1,109.87,81.8,1.49,-,26.04,-34.36,房地产开发
000898,鞍钢股份,3.4,-0.29,4.63,4.62,0.52,0.02,0.23,2.47,钢铁行业
000900,现代投资,4.43,-0.89,13.34,10.77,0.64,0.77,0.46,2.11,铁路公路
000901,航天科技,7.88,-0.51,289.3,197.05,1.5,-,1.09,34.65,汽车零部件
000905,厦门港务,7.55,-1.44,17.95,19.71,1.24,0.22,0.19,7.19,航运港口
000910,大亚圣象,8.13,-1.57,8.86,7.48,0.73,-,0.51,7.01,装修建材
000912,泸天化,5.49,0.18,16.07,19.29,1.43,1.38,1.17,9.99,化肥行业
000917,电广传媒,4.81,-1.23,19.93,20.64,0.66,-,1.58,50.27,文化传媒
000919,金陵药业,6.97,-2.11,28.49,29.49,1.19,0.24,1.27,17.88,中药
000923,河钢资源,13.79,-0.36,7.88,6.92,1.03,0.30,1.45,3.69,钢铁行业
000925,众合科技,7.08,-0.14,20.97,19.7,1.47,0.07,1.39,11.73,交运设备
000926,福星股份,6.44,-9.93,44.28,35.79,0.54,-,0.5,2.16,房地产开发
000928,中钢国际,5.95,-0.67,11.64,11.75,1.22,1.89,0.47,6.54,工程咨询服务
000930,中粮科技,8.59,-1.49,14.22,14.14,1.37,0.14,0.69,3.76,农牧饲渔
000932,华菱钢铁,5.4,-0.18,3.83,3.85,0.78,0.07,0.21,4.02,钢铁行业
000936,华西股份,4.7,-1.05,24.83,12.19,0.83,0.11,1.66,-22.39,化纤行业
000937,冀中能源,7.05,-1.67,6.99,9.09,1.14,0.01,0.72,5.16,煤炭行业
000949,新乡化纤,3.5,-0.57,4.69,3.76,0.82,0.00,0.57,2.68,化纤行业
000950,重药控股,4.75,-2.46,7.98,8.24,0.83,0.55,0.13,-22.91,医药商业
000951,中国重汽,11.53,10.02,24.24,13.05,0.96,-,0.32,2.85,汽车整车
000958,电投产融,4.51,0.0,19.61,18.73,1.36,9.70,3.09,-134.14,综合行业
000959,首钢股份,4.35,-0.46,4.81,4.82,0.79,0.02,0.25,2.46,钢铁行业
000965,天保基建,6.54,-5.49,55.18,146.6,1.33,1.82,2.43,3.85,房地产开发
000967,盈峰环境,4.53,0.0,20.05,19.77,0.86,-,1.21,12.38,环保行业
000976,华铁股份,4.02,0.0,16.05,16.25,1.45,-,3.41,4.83,交运设备
000987,越秀金控,7.74,1.04,11.53,11.6,1.12,-,1.97,-3.11,多元金融
000990,诚志股份,11.35,-5.1,17.08,14.1,0.8,0.13,1.13,9.11,化学原料
001213,中铁特货,4.74,-0.63,56.89,53.91,1.16,4.07,2.41,33.0,物流行业
001218,丽臣实业,32.08,-0.68,19.34,16.14,1.41,-,1.03,14.21,化学制品
001227,兰州银行,4.73,-0.21,14.94,17.2,1.03,0.00,3.45,2.73,银行
001288,运机集团,15.12,-3.45,27.5,28.36,1.35,-,2.93,534.99,工程机械
001696,宗申动力,5.78,0.35,14.45,13.77,1.4,-,0.7,9.59,交运设备
001872,招商港口,15.25,0.39,9.73,10.92,0.71,0.39,1.86,4.42,航运港口
001965,招商公路,7.33,0.41,9.38,9.11,0.85,0.08,5.37,10.84,铁路公路
001979,招商蛇口,13.6,-1.02,10.62,10.39,1.27,-,0.65,3.0,房地产开发
002002,鸿达兴业,3.47,0.29,15.82,12.72,1.08,6.19,1.87,-51.21,化学原料
002004,华邦健康,5.38,-0.37,14.85,15.9,1.04,5.19,0.82,7.26,农药兽药
002010,传化智联,6.13,0.33,8.32,8.37,1.11,0.14,0.51,16.74,物流行业
002012,凯恩股份,4.64,-0.43,26.15,23.07,1.48,16.93,1.33,7.84,造纸印刷
002016,世荣兆业,6.55,-6.56,7.71,7.49,1.12,-,2.09,-15.72,房地产开发
002026,山东威达,10.24,3.43,13.02,11.99,1.43,0.27,1.29,37.27,通用设备
002029,七匹狼,5.19,-1.52,18.51,16.96,0.65,1.79,1.13,8.00,纺织服装
002035,华帝股份,5.41,-3.39,21.89,22.12,1.38,-,0.81,9.35,家电行业
002037,保利联合,8.9,-0.89,50.55,41.47,1.21,-,0.72,-11.87,化学制品
002040,南京港,6.44,-1.68,20.45,21.36,1.06,1.59,3.83,10.08,航运港口
002042,华孚时尚,3.58,-1.65,10.34,10.69,0.86,0.02,0.36,12.28,纺织服装
002048,宁波华翔,14.03,0.36,9.34,9.03,1.09,0.18,0.65,4.88,汽车零部件
002051,中工国际,9.0,-0.11,38.58,39.43,1.03,0.01,1.17,73.27,工程建设
002054,德美化工,7.36,0.41,16.29,17.21,1.44,0.17,1.69,63.78,化学制品
002061,浙江交科,7.0,-1.41,8.94,11.42,1.05,-,0.23,-21.10,工程建设
002067,景兴纸业,3.56,-0.84,10.57,9.64,0.79,0.27,0.67,10.73,造纸印刷
002073,软控股份,5.14,1.78,33.5,34.45,1.09,0.74,0.8,25.94,专用设备
002077,大港股份,5.43,0.18,21.27,23.15,1.0,0.63,4.6,12.61,半导体
002083,孚日股份,4.33,-2.04,14.85,13.03,0.93,0.60,0.67,9.95,纺织服装
002084,海鸥住工,4.23,-2.98,61.69,30.03,1.44,-,0.63,27.58,装修装饰
002087,新野纺织,3.21,-2.73,99.9,53.57,0.61,-,0.53,16.69,纺织服装
002092,中泰化学,7.49,0.54,8.0,7.14,0.75,0.01,0.35,7.32,化学原料
002093,国脉科技,5.07,-0.78,51.09,52.22,1.46,1.26,10.43,-7035.22,通信服务
002094,青岛金王,3.34,-1.76,111.75,141.21,1.03,-,0.74,-17.03,美容护理
002101,广东鸿图,10.26,0.69,17.58,18.08,1.14,0.17,0.91,6.71,汽车零部件
002106,莱宝高科,7.28,0.41,12.57,10.46,1.08,1.11,0.7,6.99,光学光电子
002109,兴化股份,5.8,0.0,9.35,11.34,1.3,0.07,1.96,7.99,化学原料
002110,三钢闽光,6.78,-0.29,4.63,4.18,0.7,0.08,0.27,4.69,钢铁行业
002128,电投能源,14.59,0.76,6.9,7.88,1.27,0.08,1.08,3.68,煤炭行业
002133,广宇集团,4.37,10.08,9.54,10.37,0.86,0.91,0.4,-2.68,房地产开发
002144,宏达高科,8.57,-1.61,26.83,23.35,0.81,30.25,2.57,12.58,纺织服装
002150,通润装备,6.03,-2.74,14.37,14.94,1.43,1.49,1.06,27.73,通用设备
002154,报喜鸟,4.1,0.49,12.23,12.89,1.37,0.49,1.3,11.81,纺织服装
002160,常铝股份,3.74,0.27,29.9,28.63,0.94,0.13,0.47,-36.3,有色金属
002181,粤传媒,3.53,-0.56,50.94,45.71,0.95,-,7.39,-7.12,文化传媒
002187,广百股份,8.66,-5.25,34.15,23.4,1.38,0.07,0.99,13.79,商业百货
002195,二三四五,2.13,-0.47,31.18,30.69,1.3,-,14.17,25.07,互联网服务
002202,金风科技,11.77,2.17,13.72,14.39,1.41,0.93,0.99,10.31,风电设备
002204,大连重工,3.48,-0.29,42.55,58.25,1.01,0.46,0.71,5.6,工程机械
002208,合肥城建,7.98,-2.44,11.95,7.31,1.03,0.94,1.28,-1.42,房地产开发
002212,天融信,9.27,0.43,42.17,47.79,1.18,-,3.17,99.77,软件开发
002221,东华能源,7.62,0.66,14.38,11.02,1.15,-,0.48,30.53,石油行业
002224,三力士,4.46,2.76,32.52,28.73,1.36,-,3.26,25.11,橡胶制品
002225,濮耐股份,3.79,-1.04,47.94,45.72,1.25,-,0.85,-12.52,装修建材
002228,合兴包装,3.3,-0.3,19.5,18.72,1.2,-,0.23,12.07,包装材料
002233,塔牌集团,8.74,-0.79,6.78,5.67,0.87,2.09,1.4,5.79,水泥建材
002237,恒邦股份,9.17,0.44,23.88,23.15,1.32,1.08,0.25,66.31,贵金属
002244,滨江集团,8.32,-2.12,9.06,8.55,1.25,0.28,0.7,-2.58,房地产开发
002252,上海莱士,5.54,-1.95,26.36,28.85,1.42,-,7.3,26.27,生物制品
002255,海陆重工,4.59,-0.86,11.22,8.74,1.18,-,1.48,17.09,电源设备
002267,陕天然气,7.35,-0.14,13.77,19.4,1.19,0.93,0.98,14.31,燃气
002272,川润股份,4.57,-0.44,44.52,39.09,1.36,-,1.27,-26.61,工程机械
002277,友阿股份,3.61,-2.17,64.28,38.5,0.76,-,1.96,5.98,商业百货
002282,博深股份,7.87,2.21,22.69,18.91,1.23,0.27,2.77,48.1,通用设备
002283,天润工业,5.85,1.04,14.4,12.31,1.18,2.47,1.63,7.26,汽车零部件
002295,精艺股份,6.15,-0.49,29.26,26.28,1.19,0.99,0.24,6.64,有色金属
002296,辉煌科技,6.06,-0.16,21.25,19.65,1.47,0.50,3.22,10.89,通信设备
002298,中电兴发,6.05,-0.66,19.77,21.77,0.88,-,1.58,-518.08,软件开发
002302,西部建设,7.79,-2.5,12.64,11.64,1.15,1.34,0.37,-53.34,水泥建材
002303,美盈森,3.17,-0.63,48.41,49.08,1.0,-,1.31,10.57,包装材料
002314,南山控股,4.69,-5.63,13.61,13.01,1.35,-,1.12,5.85,房地产开发
002322,理工能科,7.93,-0.38,67.17,42.91,1.03,-,2.9,10.57,软件开发
002328,新朋股份,5.71,3.44,9.98,11.03,1.48,0.04,0.86,28.72,汽车零部件
002344,海宁皮城,4.26,-2.07,14.61,16.66,0.67,0.18,3.63,17.49,商业百货
002345,潮宏基,4.15,-1.19,10.82,10.51,1.02,0.07,0.77,9.17,珠宝首饰
002347,泰尔股份,3.88,-0.26,142.09,107.65,1.46,-,1.79,40.67,通用设备
002357,富临运业,5.3,-0.19,24.01,24.02,1.23,-,2.33,15.55,铁路公路
002361,神剑股份,3.73,-1.32,58.79,43.29,1.5,126.46,1.37,-60.98,塑料制品
002363,隆基机械,5.53,3.17,74.99,72.82,1.05,-,1.12,7.71,汽车零部件
002373,千方科技,8.44,-0.35,40.69,18.43,1.09,-,1.36,22.26,互联网服务
002376,新北洋,6.49,0.46,50.14,29.16,1.28,-,1.68,-16.39,计算机设备
002380,科远智慧,9.35,-0.95,68.69,60.28,1.03,-,1.88,-6.31,互联网服务
002381,双箭股份,6.0,-0.66,20.0,16.59,1.27,-,1.22,15.03,橡胶制品
002386,天原股份,9.79,0.1,11.05,11.92,1.31,0.02,0.42,6.26,化学原料
002390,信邦制药,4.61,-3.76,34.09,34.25,1.4,0.57,1.42,17.62,中药
002391,长青股份,6.99,-1.41,16.8,18.39,1.0,0.53,1.16,10.39,农药兽药
002392,北京利尔,3.44,-0.86,11.49,10.3,0.87,-,0.84,229.3,装修建材
002393,力生制药,20.5,-1.49,29.22,30.63,0.84,0.00,3.49,18.01,化学制药
002394,联发股份,7.03,-1.95,13.01,12.71,0.61,-,0.56,39.24,纺织服装
002398,垒知集团,6.45,-2.42,18.2,17.09,1.34,-,0.95,10.82,装修建材
002406,远东传动,4.63,0.87,16.25,12.3,0.87,-,1.73,8.99,汽车零部件
002423,中粮资本,6.49,0.31,18.06,10.9,0.83,0.49,0.78,1.61,多元金融
002429,兆驰股份,3.38,-0.29,72.1,45.95,1.18,-,0.73,5.2,家电行业
002440,闰土股份,8.21,-3.18,10.85,11.3,0.98,1.94,1.65,8.17,化学制品
002441,众业达,8.44,0.12,10.43,11.06,1.02,0.13,0.36,-45.54,电网设备
002443,金洲管道,8.3,-3.38,12.15,11.21,1.39,-,0.6,42.3,钢铁行业
002448,中原内配,6.26,2.12,19.93,17.88,1.29,0.48,1.6,17.83,汽车零部件
002449,国星光电,6.85,0.74,22.68,20.91,1.12,0.22,1.14,8.2,光学光电子
002454,松芝股份,5.59,1.27,34.07,31.21,0.95,-,0.86,8.92,汽车零部件
002457,青龙管业,8.87,-2.42,21.99,20.77,1.36,-,1.19,-34.05,装修建材
002462,嘉事堂,13.02,-1.51,10.82,10.73,0.96,0.91,0.14,238.96,医药商业
002469,三维化学,5.02,-1.18,8.39,8.63,1.28,10.81,1.13,10.22,工程建设
002478,常宝股份,4.12,-0.96,22.96,27.38,0.87,-,0.84,-8.43,钢铁行业
002479,富春环保,4.53,-0.66,16.8,11.8,1.0,1.68,0.82,8.41,环保行业
002483,润邦股份,5.3,-0.75,16.35,14.29,1.16,0.48,1.29,7.78,专用设备
002488,金固股份,5.61,1.26,123.01,83.21,1.4,-,1.96,-18.13,汽车零部件
002494,华斯股份,3.89,-1.77,85.0,86.09,0.96,-,3.74,654.76,纺织服装
002500,山西证券,5.03,-0.2,24.61,22.47,1.04,2.84,4.58,7.64,证券
002519,银河电子,3.78,-0.26,594.77,296.65,1.45,5.95,3.44,-95.0,家电行业
002520,日发精机,5.45,1.11,194.66,92.2,1.32,-,2.09,6.01,通用设备
002521,齐峰新材,4.98,-1.19,25.73,14.91,0.68,9.98,0.67,42.32,造纸印刷
002523,天桥起重,2.43,-1.62,57.1,57.22,1.48,16.67,1.92,31.56,专用设备
002526,山东矿机,2.07,-0.96,53.25,60.45,1.33,-,1.54,-550.37,专用设备
002527,新时达,5.59,0.72,35.55,24.57,1.21,0.45,0.88,-19.26,专用设备
002532,天山铝业,6.8,-0.15,7.68,8.25,1.41,0.08,1.01,6.85,有色金属
002533,金杯电工,6.19,-0.16,13.09,13.71,1.27,0.41,0.34,9.07,电网设备
002536,飞龙股份,5.35,0.0,34.95,18.87,1.18,3.71,0.89,12.28,汽车零部件
002538,司尔特,8.26,0.24,13.55,15.44,1.36,0.26,1.51,15.76,化肥行业
002540,亚太科技,4.71,0.64,13.26,13.06,1.17,0.40,0.96,-25.25,有色金属
002543,万和电气,6.79,-0.15,13.92,14.09,1.21,-,0.66,23.83,家电行业
002546,新联电子,3.4,-0.87,14.82,12.7,0.9,0.55,5.78,66.61,电网设备
002551,尚荣医疗,4.52,-5.04,214.34,64.4,1.22,-,2.21,20.73,医疗器械
002560,通达股份,5.35,-3.78,162.72,115.86,1.19,-,0.95,-17.35,电网设备
002563,森马服饰,5.54,-1.77,11.11,10.04,1.26,0.14,0.97,11.27,纺织服装
002566,益盛药业,8.02,-3.14,27.8,27.64,1.26,1.32,3.04,11.81,中药
002573,清新环境,5.61,0.54,13.81,13.86,1.27,0.04,1.01,-148.85,环保行业
002574,明牌珠宝,4.53,-1.74,16.38,17.46,0.77,-,0.65,5.54,珠宝首饰
002576,通达动力,9.75,0.72,19.21,15.69,1.5,1.51,0.79,98.67,电机
002579,中京电子,6.11,-0.49,33.27,25.05,1.31,-,1.22,14.06,电子元件
002582,好想你,7.0,-1.82,93.55,51.9,0.72,1.02,2.41,-63.65,食品饮料
002589,瑞康医药,3.71,-3.64,60.51,42.56,0.75,-,0.29,12.42,医药商业
002593,日上集团,3.83,10.06,32.67,29.24,1.31,0.91,0.82,108.2,汽车零部件
002602,世纪华通,4.51,-1.1,17.23,14.45,1.08,-,2.5,34.76,游戏
002611,东方精工,3.97,0.25,12.02,11.31,1.46,0.62,1.5,15.8,专用设备
002614,奥佳华,8.13,-1.45,13.43,11.19,1.07,2.86,0.69,91.7,家电行业
002623,亚玛顿,22.43,10.0,235.46,82.69,1.36,-,2.07,-15.16,光伏设备
002627,三峡旅游,4.88,-2.4,33.86,34.2,1.15,0.29,1.74,8.1,铁路公路
002628,成都路桥,4.06,-3.1,71.59,38.98,1.03,-,2.08,385.33,工程建设
002641,公元股份,4.34,-2.69,10.04,9.29,1.05,-,0.6,16.8,装修建材
002661,克明食品,11.53,-1.2,91.14,57.59,1.49,-,0.9,15.73,食品饮料
002662,京威股份,3.25,-0.31,39.26,47.74,1.45,-,1.34,10.08,汽车零部件
002666,德联集团,4.48,-0.44,14.63,13.58,1.0,2.39,0.68,16.65,化学制品
002672,东江环保,5.99,-0.17,39.25,32.77,1.14,-,1.25,16.04,环保行业
002673,西部证券,6.09,0.16,24.05,19.3,1.0,0.77,4.19,-2.35,证券
002674,兴业科技,8.37,-1.76,14.79,13.47,1.06,0.35,1.43,26.02,纺织服装
002688,金河生物,4.63,4.04,64.8,38.44,1.46,-,1.69,16.8,农牧饲渔
002696,百洋股份,5.61,-2.26,41.59,73.05,1.43,1.07,0.64,72.54,农牧饲渔
002712,思美传媒,3.85,-1.79,67.19,37.71,1.14,-,0.53,28.99,文化传媒
002722,金轮股份,12.98,-1.52,18.07,17.76,1.14,0.07,0.72,16.69,纺织服装
002734,利民股份,10.0,-0.89,15.32,12.14,1.41,-,0.79,11.84,农药兽药
002736,国信证券,9.1,-0.11,9.51,8.65,1.13,0.16,3.88,-5.22,证券
002743,富煌钢构,5.8,-0.68,15.06,15.2,0.82,0.59,0.43,-9.09,水泥建材
002745,木林森,8.89,1.25,12.63,11.38,0.98,0.02,0.73,4.43,光学光电子
002752,昇兴股份,4.23,0.0,23.65,24.24,1.5,0.02,0.75,69.99,包装材料
002753,永东股份,7.09,0.14,13.5,8.39,1.24,0.15,0.71,-131.8,橡胶制品
002772,众兴菌业,6.67,-1.77,105.72,49.44,0.85,-,1.65,-7.11,农牧饲渔
002787,华源控股,5.22,-2.06,108.45,93.82,1.1,-,0.69,8.37,包装材料
002788,鹭燕医药,7.97,-1.97,9.89,10.12,1.21,0.64,0.17,-11.51,医药商业
002790,瑞尔特,6.19,0.49,17.8,18.57,1.43,0.89,1.33,18.73,装修建材
002807,江阴银行,4.13,-0.24,6.79,7.04,0.7,0.30,2.53,67.02,银行
002809,红墙股份,9.26,0.11,20.21,17.13,1.33,-,1.34,10.51,化学制品
002818,富森美,11.73,-1.68,9.0,9.56,1.4,0.51,5.55,10.51,商业百货
002822,中装建设,5.12,-2.66,52.59,34.35,1.07,-,0.6,-6.65,装修装饰
002839,张家港行,4.96,-0.2,7.67,8.25,0.87,0.23,2.27,-15.74,银行
002845,同兴达,16.6,-0.36,11.49,10.74,1.37,0.33,0.32,5.25,光学光电子
002863,今飞凯达,5.11,0.79,18.72,18.85,1.31,0.09,0.64,10.21,汽车零部件
002866,传艺科技,9.71,-1.02,17.87,16.98,1.42,0.73,1.44,9.7,消费电子
002879,长缆科技,13.04,-0.53,19.54,17.94,1.44,-,2.32,41.54,电网设备
002887,绿茵生态,9.23,10.01,20.35,17.34,1.37,-,5.67,41.92,环保行业
002899,英派斯,11.38,-0.52,117.55,78.34,1.24,-,1.64,28.01,家用轻工
002910,庄园牧场,10.48,-2.51,55.24,45.49,1.47,0.09,2.36,15.96,食品饮料
002926,华西证券,6.96,0.29,16.01,11.19,0.83,-,3.97,7.35,证券
002936,郑州银行,2.63,-0.75,6.65,6.74,0.53,3.57,1.45,-0.37,银行
002939,长城证券,7.88,-0.13,17.68,13.85,1.25,0.97,3.51,-30.25,证券
002948,青岛银行,3.57,-0.28,6.78,7.11,0.7,0.29,1.89,1.43,银行
002955,鸿合科技,18.39,-0.27,21.24,25.58,1.36,0.19,0.73,48.5,光学光电子
002958,青农商行,3.22,-0.92,5.78,5.84,0.61,1.70,1.77,2.54,银行
002966,苏州银行,6.16,0.49,6.87,7.27,0.68,0.31,2.06,-2.65,银行
002988,豪美新材,11.89,-0.5,18.71,19.89,1.22,1.07,0.47,-5.3,有色金属
002998,优彩资源,6.77,0.15,24.12,21.92,1.47,-,1.28,-41.47,化纤行业
003003,天元股份,8.91,-0.56,125.09,60.71,1.29,-,1.17,52.46,包装材料
003012,东鹏控股,8.22,-1.32,397.79,63.71,1.37,-,1.25,19.36,装修建材
003016,欣贺股份,8.23,-1.44,13.97,12.39,1.16,0.24,1.73,8.31,纺织服装
003023,彩虹集团,21.94,-0.05,18.01,16.04,1.3,-,1.62,80.35,家电行业
003027,同兴环保,17.01,-1.51,13.79,13.88,1.37,2.50,2.4,21.54,环保行业
003816,中国广核,2.78,-0.36,13.75,14.42,1.35,8.00,1.74,4.47,电力行业
600000,浦发银行,8.02,0.63,4.38,4.44,0.41,-,1.23,-0.59,银行
600006,东风汽车,5.19,4.43,47.77,27.92,1.28,-,0.68,4.3,汽车整车
600008,首创环保,2.95,-0.34,9.45,9.47,1.26,0.18,0.96,8.91,公用事业
600012,皖通高速,7.27,-0.27,7.84,7.96,1.02,0.12,3.07,5.73,铁路公路
600015,华夏银行,5.31,0.19,3.43,3.47,0.34,0.32,0.85,0.63,银行
600016,民生银行,3.73,0.0,4.9,4.75,0.33,22.03,1.01,0.69,银行
600017,日照港,2.91,-2.02,11.39,12.14,0.67,0.62,1.32,3.74,航运港口
600018,上港集团,6.13,-1.76,8.29,9.72,1.36,0.10,3.66,10.87,航运港口
600019,宝钢股份,6.22,0.16,6.3,5.86,0.71,0.08,0.38,2.53,钢铁行业
600020,中原高速,3.02,-1.95,12.9,9.13,0.63,0.07,1.33,3.37,铁路公路
600022,山东钢铁,1.6,-0.62,14.58,14.26,0.78,0.51,0.16,3.1,钢铁行业
600028,中国石化,4.35,0.46,6.96,7.4,0.66,0.06,0.18,2.72,石油行业
600030,中信证券,19.32,1.31,12.36,12.4,1.24,0.19,3.8,2.32,证券
600033,福建高速,2.8,-0.71,9.34,9.27,0.71,0.12,2.61,3.51,铁路公路
600035,楚天高速,3.32,-1.19,7.24,7.22,0.74,0.05,1.67,3.23,铁路公路
600036,招商银行,38.6,4.64,7.86,8.12,1.27,0.32,2.88,4.43,银行
600037,歌华有线,9.25,-5.32,40.85,61.64,1.0,0.66,5.09,15.37,文化传媒
600048,保利发展,16.95,0.06,7.4,7.41,1.13,-,0.69,284.28,房地产开发
600050,中国联通,3.51,0.57,16.37,17.25,0.72,1.17,0.33,1.03,通信服务
600051,宁波联合,6.55,-2.38,9.41,8.16,0.65,-,0.57,-25.71,综合行业
600057,厦门象屿,9.28,0.65,8.81,9.27,1.5,0.12,0.04,28.86,物流行业
600060,海信视像,11.39,0.53,12.08,13.1,0.91,-,0.32,4.57,家电行业
600061,国投资本,6.1,-0.49,10.37,8.18,0.85,0.63,2.27,8.97,证券
600064,南京高科,11.13,0.27,5.58,5.85,0.88,0.31,4.04,11.99,房地产开发
600066,宇通客车,8.09,2.53,29.42,29.18,1.21,1.57,0.77,61.15,汽车整车
600075,新疆天业,6.02,-1.15,7.35,6.27,1.04,0.10,0.83,3.48,化学原料
600082,海泰发展,3.73,-5.81,188.37,239.38,1.39,-,2.88,29.32,房地产开发
600097,开创国际,9.43,-2.38,11.84,11.9,1.15,0.43,1.22,12.68,农牧饲渔
600098,广州发展,5.82,-1.36,78.22,101.78,0.88,-,0.55,11.15,电力行业
600101,明星电力,8.28,-4.83,26.59,28.31,1.36,0.27,1.66,11.2,电力行业
600103,青山纸业,2.4,-0.83,28.52,29.08,1.49,0.24,1.87,11.7,造纸印刷
600104,上汽集团,16.5,1.98,8.31,7.86,0.7,0.41,0.25,18.42,汽车整车
600106,重庆路桥,3.85,-1.28,25.72,20.01,1.11,2.05,33.28,19.44,铁路公路
600109,国金证券,8.14,-0.49,15.43,13.08,1.24,0.50,4.65,-40.6,证券
600113,浙江东日,7.43,-0.54,4.55,4.69,1.42,0.00,3.45,23.15,综合行业
600120,浙江东方,3.67,-0.81,17.3,16.2,0.8,-,0.58,11.27,多元金融
600123,兰花科创,13.75,2.08,5.23,6.68,1.12,0.01,1.13,3.89,煤炭行业
600125,铁龙物流,4.85,-0.82,18.37,18.77,0.97,-,0.39,9.2,物流行业
600126,杭钢股份,4.77,-1.24,9.61,9.82,0.77,0.26,0.32,4.35,钢铁行业
600128,弘业股份,7.5,0.81,59.21,55.72,0.89,10.05,0.33,-49.93,贸易行业
600133,东湖高新,6.03,-1.15,8.99,9.0,0.81,-,0.38,10.81,工程建设
600135,乐凯胶片,5.91,-0.34,70.48,60.18,1.25,1.59,1.49,47.05,塑料制品
600143,金发科技,8.84,0.23,17.26,13.69,1.48,-,0.56,11.4,塑料制品
600153,建发股份,13.44,-3.52,6.08,6.31,0.91,0.14,0.05,4.89,贸易行业
600155,华创阳安,7.67,0.39,15.54,13.78,0.82,0.25,3.66,3.08,证券
600157,永泰能源,1.57,0.64,30.07,32.78,0.82,-,1.19,6.75,电力行业
600159,大龙地产,3.19,-4.2,37.04,26.14,1.07,-,1.57,30.83,房地产开发
600162,香江控股,2.19,-5.19,36.81,39.63,1.02,-,1.28,9.77,房地产开发
600167,联美控股,6.93,-0.43,15.62,15.16,1.5,-,4.51,8.65,电力行业
600168,武汉控股,6.46,5.04,13.68,11.49,0.88,0.11,2.24,-113.55,公用事业
600170,上海建工,3.08,-2.53,7.95,7.28,0.91,0.69,0.1,4.57,工程建设
600173,卧龙地产,5.46,-1.44,9.38,8.02,1.08,-,1.59,22.56,房地产开发
600177,雅戈尔,7.29,-0.55,5.07,6.58,0.92,-,1.76,-56.47,纺织服装
600178,东安动力,5.87,0.69,65.19,30.8,1.13,0.60,0.42,4.01,汽车零部件
600180,瑞茂通,9.17,-5.27,10.47,11.38,1.31,0.02,0.2,-7.32,物流行业
600185,格力地产,6.04,3.07,51.45,35.65,1.25,-,1.69,4.71,房地产开发
600190,锦州港,3.26,-2.98,54.25,51.73,0.99,-,2.28,4.78,航运港口
600208,新湖中宝,2.9,0.35,11.24,11.15,0.62,-,1.48,1.92,房地产开发
600210,紫江企业,4.96,1.64,13.66,13.6,1.33,-,0.78,7.98,包装材料
600216,浙江医药,13.0,-1.14,12.08,12.0,1.39,0.21,1.41,13.65,化学制药
600218,全柴动力,8.77,1.27,29.45,25.12,1.24,-,0.65,174.59,汽车零部件
600219,南山铝业,3.33,0.6,11.07,11.67,0.92,0.15,1.25,8.11,有色金属
600231,凌钢股份,2.34,-0.85,8.27,7.26,0.71,0.17,0.25,7.02,钢铁行业
600235,民丰特纸,5.35,0.56,32.08,32.23,1.33,1.60,1.22,13.36,造纸印刷
600248,陕西建工,5.48,-3.52,5.76,5.81,1.22,0.34,0.12,-8.62,工程建设
600261,阳光照明,3.36,-1.47,34.68,15.05,1.29,-,1.13,12.45,家电行业
600269,赣粤高速,3.45,-1.43,7.68,9.03,0.48,0.13,1.17,2.76,铁路公路
600271,航天信息,10.12,0.3,23.49,18.3,1.4,-,0.78,16.5,互联网服务
600277,亿利洁能,4.72,1.51,20.94,20.96,1.02,0.40,1.33,10.07,化学原料
600278,东方创业,7.74,-2.03,16.83,17.96,0.98,0.44,0.16,-25.39,贸易行业
600279,重庆港,4.03,-2.66,68.7,71.05,0.86,-,0.87,11.45,航运港口
600282,南钢股份,3.17,-0.63,5.1,4.77,0.72,0.12,0.26,4.42,钢铁行业
600284,浦东建设,7.37,-4.41,12.52,13.37,1.03,0.60,0.58,34.11,工程建设
600292,远达环保,5.59,-0.71,70.79,82.7,0.85,0.66,1.0,9.37,环保行业
600297,广汇汽车,2.29,0.88,11.44,11.55,0.45,2.13,0.12,8.35,汽车服务
600307,酒钢宏兴,1.85,0.0,11.33,7.79,0.84,0.11,0.24,2.6,钢铁行业
600308,华泰股份,5.58,-0.36,9.69,8.06,0.68,0.72,0.44,4.34,造纸印刷
600310,桂东电力,3.73,-1.32,19.51,57.86,1.5,-,0.29,8.7,电力行业
600312,平高电气,6.63,0.45,60.66,127.11,0.98,-,0.91,7.03,电网设备
600320,振华重工,3.18,-0.31,39.17,38.09,1.16,7.92,0.63,13.88,专用设备
600325,华发股份,7.91,-4.24,5.0,5.24,0.95,0.50,0.32,0.46,房地产开发
600326,西藏天路,5.62,-0.71,197.67,128.99,1.21,-,0.88,17.15,水泥建材
600327,大东方,5.03,-1.18,7.54,6.95,1.22,0.07,0.79,10.22,汽车服务
600333,长春燃气,4.66,-0.21,84.69,115.88,1.35,1.35,1.5,14.56,燃气
600335,国机汽车,7.0,-1.96,41.96,39.82,0.96,-,0.25,11.25,汽车服务
600337,美克家居,2.94,-1.01,87.69,20.91,1.11,-,0.94,11.86,装修建材
600339,中油工程,2.87,0.7,33.2,34.88,0.64,-,0.19,-14.91,采掘行业
600345,长江通信,14.07,-0.28,25.78,30.46,1.3,2.80,22.83,2133.93,通信设备
600348,华阳股份,10.62,1.72,5.84,7.23,1.22,0.03,0.7,3.38,煤炭行业
600350,山东高速,5.56,-0.54,8.66,8.76,0.9,0.16,1.63,2.89,铁路公路
600352,浙江龙盛,10.4,-0.57,12.19,10.03,1.1,-,1.99,7.43,化学制品
600356,恒丰纸业,6.74,-0.44,23.4,19.86,0.87,-,0.97,23.93,造纸印刷
600362,江西铜业,17.41,0.93,9.65,10.7,0.75,0.06,0.13,6.79,有色金属
600368,五洲交通,3.94,-1.25,6.4,6.32,0.8,0.25,2.68,2.81,铁路公路
600369,西南证券,3.6,0.0,36.06,23.04,0.95,-,10.03,22.42,证券
600373,中文传媒,10.4,-0.38,6.85,6.9,0.84,0.57,1.31,6.09,文化传媒
600376,首开股份,5.18,-4.25,29.19,19.3,0.52,-,0.23,6.68,房地产开发
600377,宁沪高速,8.16,0.87,10.73,9.84,1.3,0.16,2.94,7.43,铁路公路
600383,金地集团,13.16,0.23,6.27,6.31,0.94,-,0.56,4.14,房地产开发
600386,北巴传媒,3.4,-1.73,22.4,20.65,1.5,0.26,0.65,5.24,汽车服务
600390,五矿资本,4.61,-0.22,7.35,6.1,0.52,-,1.74,3.04,多元金融
600398,海澜之家,5.07,-1.74,9.23,8.79,1.44,0.24,1.1,5.38,纺织服装
600408,安泰集团,3.5,-1.96,44.41,12.43,1.23,-,0.26,20.76,煤炭行业
600409,三友化工,6.74,-0.59,10.56,8.33,1.07,0.10,0.59,5.8,化学原料
600420,国药现代,9.06,-1.2,21.88,16.37,1.11,-,0.7,4.67,化学制药
600425,青松建化,4.28,-2.51,15.62,18.74,1.17,0.57,1.45,9.91,水泥建材
600428,中远海特,4.75,1.28,17.16,33.95,1.03,0.17,1.02,4.77,航运港口
600429,三元股份,4.76,-1.04,33.28,29.07,1.43,0.04,0.92,41.1,食品饮料
600433,冠豪高新,3.16,-1.56,54.37,42.02,1.15,-,0.79,4.13,造纸印刷
600439,瑞贝卡,2.76,-0.72,56.64,51.89,1.12,1.19,1.98,29.69,家用轻工
600449,宁夏建材,12.58,-1.33,7.39,7.51,0.89,-,0.97,7.22,水泥建材
600458,时代新材,8.78,1.04,38.75,38.85,1.44,-,0.5,-283.86,风电设备
600461,洪城环境,8.02,-0.12,9.86,10.16,1.42,0.40,1.05,5.46,公用事业
600467,好当家,2.54,-1.93,57.07,56.08,1.12,8.98,2.95,11.2,农牧饲渔
600475,华光环能,10.7,0.56,10.29,10.3,1.04,0.37,0.9,7.92,电源设备
600480,凌云股份,7.86,0.38,25.41,26.2,1.15,0.15,0.45,5.12,橡胶制品
600482,中国动力,14.8,0.68,59.96,52.16,0.88,3.58,1.15,8.47,通用设备
600483,福能股份,11.8,-2.24,16.94,18.18,1.27,-,1.96,13.89,电力行业
600487,亨通光电,10.41,1.07,16.22,17.12,1.18,0.48,0.56,12.94,通信设备
600489,中金黄金,7.08,0.43,20.07,20.21,1.36,2.44,0.59,7.19,贵金属
600490,鹏欣资源,3.65,-0.54,78.89,108.62,1.27,-,1.16,7.03,有色金属
600491,龙元建设,5.22,-3.15,12.3,11.97,0.65,-,0.41,-6.92,工程建设
600495,晋西车轴,3.46,0.29,375.64,386.86,1.31,67.77,3.48,73.72,交运设备
600496,精工钢构,4.5,-1.96,12.34,13.19,1.19,2.17,0.56,327.13,水泥建材
600498,烽火通信,13.29,0.45,54.25,54.82,1.43,0.11,0.59,-53.29,通信设备
600500,中化国际,6.39,0.95,7.79,8.12,1.48,0.02,0.22,5.99,化学制品
600502,安徽建工,6.67,-7.36,10.28,10.48,1.37,0.30,0.16,-1.73,工程建设
600503,华丽家族,2.83,-2.41,90.3,47.08,1.2,-,55.69,-47.86,房地产开发
600508,上海能源,17.65,6.2,13.26,34.17,1.13,-,1.13,10.54,煤炭行业
600510,黑牡丹,9.11,-3.39,19.83,14.4,1.0,-,1.11,-3.45,房地产开发
600512,腾达建设,3.22,-3.88,20.98,6.28,0.88,0.66,0.82,15.19,工程建设
600526,菲达环保,5.35,-0.93,55.7,53.69,1.4,18.42,0.87,25.36,环保行业
600528,中铁工业,8.11,-0.86,9.64,9.71,0.88,5.92,0.66,13.73,交运设备
600531,豫光金铅,4.65,0.22,12.56,12.68,1.22,0.41,0.18,7.62,有色金属
600533,栖霞建设,4.06,-5.58,18.93,11.53,0.93,1.53,2.27,3.98,房地产开发
600535,天士力,10.46,-3.06,10.67,6.69,1.27,0.06,1.96,6.36,中药
600548,深高速,9.0,-1.1,7.93,7.53,0.99,0.38,1.84,5.03,铁路公路
600551,时代出版,8.25,-0.36,10.97,11.12,0.79,0.35,0.51,9.46,文化传媒
600558,大西洋,3.02,-0.66,41.08,35.02,1.26,-,0.79,21.82,通用设备
600561,江西长运,4.87,-1.42,87.4,120.71,1.27,-,0.79,2.9,铁路公路
600567,山鹰国际,2.78,-0.71,10.33,8.47,0.79,1.19,0.38,5.19,造纸印刷
600569,安阳钢铁,2.65,-0.75,27.28,7.4,0.74,0.09,0.15,2.16,钢铁行业
600575,淮河能源,3.2,-2.14,26.4,28.49,1.23,-,0.51,7.62,物流行业
600582,天地科技,4.69,-1.26,10.84,11.98,1.0,0.59,0.8,4.77,专用设备
600583,海油工程,4.22,1.2,50.69,50.45,0.82,63.81,0.89,5.79,采掘行业
600585,海螺水泥,37.98,-0.37,6.22,6.05,1.07,-,1.27,6.33,水泥建材
600586,金晶科技,5.95,0.17,7.75,6.5,1.5,0.03,1.18,5.0,玻璃玻纤
600592,龙溪股份,7.22,-0.96,11.19,9.68,1.27,0.08,1.91,17.85,通用设备
600594,益佰制药,5.5,-2.83,19.5,17.87,1.23,4.08,1.36,7.59,中药
600603,广汇物流,4.29,-2.94,11.41,9.38,0.99,-,1.91,2.88,房地产开发
600605,汇通能源,7.54,-2.46,28.06,25.81,1.38,1.41,14.85,9.61,商业百货
600606,绿地控股,4.25,-3.19,11.33,8.79,0.59,-,0.11,1.02,房地产开发
600611,大众交通,3.07,-1.6,951.37,22.1,0.77,-,3.18,6.42,铁路公路
600613,神奇制药,5.92,-6.48,44.35,45.41,1.34,-,1.35,16.29,化学制药
600619,海立股份,5.99,-2.44,19.91,20.11,1.04,0.14,0.4,13.98,家电行业
600622,光大嘉宝,4.0,-5.66,16.37,16.42,0.84,-,1.42,1.94,房地产开发
600623,华谊集团,7.46,-0.27,5.25,5.36,0.72,0.01,0.39,2.47,化学原料
600628,新世界,9.16,-5.18,105.33,85.31,1.36,-,5.36,20.44,商业百货
600633,浙数文化,6.16,0.33,19.37,15.09,0.87,20.99,2.33,7.83,游戏
600637,东方明珠,7.07,-1.12,13.73,12.98,0.8,0.66,2.76,15.9,文化传媒
600638,新黄浦,6.2,0.81,49.25,37.97,0.96,-,0.82,6.89,房地产开发
600639,浦东金桥,14.69,-3.61,6.86,10.16,1.28,0.09,2.44,36.53,房地产开发
600642,申能股份,5.46,-0.55,27.6,16.33,0.87,-,1.0,12.58,电力行业
600643,爱建集团,5.98,0.0,8.64,8.42,0.76,-,2.43,5.63,多元金融
600648,外高桥,14.51,-1.76,11.63,17.58,1.32,0.35,1.54,3.23,房地产开发
600649,城投控股,4.65,-3.53,9.65,12.9,0.56,0.71,1.28,-1.25,房地产开发
600655,豫园股份,9.9,0.0,10.65,9.98,1.12,1.52,0.74,-5.04,珠宝首饰
600657,信达地产,6.57,-4.92,34.06,22.98,0.78,-,0.76,14.46,房地产开发
600658,电子城,4.23,-2.08,86.86,149.85,0.69,4.75,2.37,1.79,房地产服务
600665,天地源,3.68,-3.41,8.27,8.44,0.77,0.72,0.46,6.77,房地产开发
600668,尖峰集团,13.97,-2.24,5.62,5.2,0.93,0.05,1.25,9.54,水泥建材
600675,中华企业,3.4,-5.29,33.08,25.74,1.34,-,2.19,5.83,房地产开发
600682,南京新百,9.07,-1.41,11.91,11.19,0.7,0.25,2.0,6.12,商业百货
600683,京投发展,4.69,-5.25,11.93,10.57,1.12,-,0.65,1.32,房地产开发
600685,中船防务,14.79,-0.4,237.53,263.34,1.46,-,1.9,2.88,船舶制造
600688,上海石化,3.2,1.59,33.29,17.31,1.13,0.25,0.36,13.34,石油行业
600693,东百集团,4.28,-4.25,30.64,30.65,1.11,-,2.03,11.29,商业百货
600694,大商股份,21.2,-2.89,9.63,8.87,0.69,0.24,0.81,17.18,商业百货
600697,欧亚集团,14.0,-2.85,112.58,78.7,0.86,3.71,0.27,1.63,商业百货
600704,物产中大,5.02,-0.2,6.37,6.55,0.88,0.12,0.05,-12.13,物流行业
600705,中航产融,3.29,0.3,7.69,6.56,0.8,0.17,1.56,-27.81,多元金融
600707,彩虹股份,4.22,0.24,18.54,5.67,0.7,0.07,1.12,2.82,光学光电子
600708,光明地产,2.71,-2.52,108.82,86.18,0.56,-,0.23,1.05,房地产开发
600710,苏美达,5.72,0.0,9.6,9.74,1.28,0.21,0.04,0.91,贸易行业
600713,南京医药,4.75,-2.06,11.6,12.31,1.09,0.30,0.14,11.33,医药商业
600716,凤凰股份,5.34,0.38,63.16,141.62,0.89,-,8.17,-34.33,房地产开发
600717,天津港,4.03,-1.47,12.88,11.99,0.67,0.23,0.86,4.6,航运港口
600718,东软集团,9.77,0.41,10.29,10.34,1.26,0.00,1.37,17.57,互联网服务
600720,祁连山,15.2,6.67,13.06,12.45,1.43,-,1.51,6.88,水泥建材
600727,鲁北化工,8.36,0.0,10.04,8.96,1.43,0.08,0.89,35.22,化学原料
600729,重庆百货,21.62,-2.96,9.17,8.97,1.42,-,0.44,5.18,商业百货
600736,苏州高新,6.0,0.84,17.94,17.04,0.94,0.58,0.58,-1.02,房地产开发
600739,辽宁成大,13.34,-0.74,10.73,9.45,0.72,-,1.14,27.96,贸易行业
600740,山西焦化,5.41,-0.73,10.27,11.0,1.09,1.11,1.16,19.83,煤炭行业
600741,华域汽车,20.62,1.53,9.44,10.05,1.28,0.52,0.46,7.33,汽车零部件
600742,一汽富维,8.67,0.81,10.64,8.93,0.85,1.75,0.3,3.46,汽车零部件
600748,上实发展,4.02,-2.9,21.35,13.95,0.74,0.01,0.77,-2.09,房地产开发
600751,海航科技,2.68,-1.83,2.82,2.52,1.11,-,0.09,2.39,互联网服务
600755,厦门国贸,7.96,-1.49,4.84,4.94,0.86,0.16,0.03,-5.21,贸易行业
600757,长江传媒,5.34,-0.74,8.87,9.29,0.77,-,1.03,6.42,文化传媒
600758,辽宁能源,4.37,2.1,26.51,217.01,1.08,-,0.92,2.76,煤炭行业
600761,安徽合力,9.83,-0.41,11.21,11.48,1.21,-,0.46,7.32,工程机械
600777,新潮能源,2.18,5.31,23.21,40.6,1.22,-,2.8,3.56,石油行业
600780,通宝能源,4.9,-1.8,16.67,30.19,0.93,-,0.65,6.2,电力行业
600782,新钢股份,5.74,0.17,4.16,4.21,0.66,0.07,0.17,5.34,钢铁行业
600787,中储股份,5.74,0.35,10.93,14.27,0.97,0.21,0.16,4.78,物流行业
600790,轻纺城,3.85,-5.64,12.87,13.06,0.97,1.27,6.07,30.27,商业百货
600791,京能置业,4.64,-5.31,123.21,365.43,1.48,-,0.73,4.35,房地产开发
600798,宁波海运,4.09,-2.39,16.54,15.67,1.26,0.12,2.14,5.78,航运港口
600808,马钢股份,3.89,-0.26,5.96,5.67,0.89,0.05,0.26,1.87,钢铁行业
600810,神马股份,9.2,-0.43,4.43,4.48,1.19,0.01,0.67,6.36,化纤行业
600819,耀皮玻璃,4.79,-1.03,45.42,41.96,1.27,-,0.94,8.0,玻璃玻纤
600820,隧道股份,5.82,-3.8,7.75,7.65,0.73,1.38,0.29,2.66,工程建设
600823,世茂股份,3.04,-2.88,13.88,11.87,0.44,-,0.62,-0.86,房地产开发
600825,新华传媒,3.73,-1.84,111.34,116.66,1.49,-,3.07,7.22,文化传媒
600826,兰生股份,7.39,-2.12,46.07,33.0,1.12,-,4.4,316.44,贸易行业
600827,百联股份,11.42,-5.62,32.07,27.08,1.15,-,0.59,5.58,商业百货
600828,茂业商业,3.57,-2.99,25.93,15.1,0.87,0.17,1.62,4.77,商业百货
600829,人民同泰,5.72,-1.89,11.7,11.96,1.48,0.11,0.35,-965.35,医药商业
600830,香溢融通,5.26,-0.57,265.71,143.8,1.13,1.00,8.68,-3.51,多元金融
600831,广电网络,5.81,-4.13,70.85,64.63,1.09,16.73,1.36,35.32,文化传媒
600835,上海机电,11.88,1.28,16.77,14.98,0.97,-,0.51,12.42,专用设备
600837,海通证券,8.91,0.22,10.87,9.08,0.71,0.67,3.22,2.68,证券
600839,四川长虹,2.69,-1.1,39.51,43.63,0.93,0.09,0.13,4.14,家电行业
600841,动力新科,6.62,-2.65,18.58,15.59,1.1,0.03,0.52,-4.24,汽车零部件
600843,上工申贝,4.93,0.41,65.21,57.01,1.11,-,1.13,70.94,专用设备
600846,同济科技,7.7,-0.9,8.51,8.33,1.4,-,0.81,1.82,工程建设
600858,银座股份,5.34,-3.78,45.74,76.72,1.17,-,0.48,17.67,商业百货
600859,王府井,22.53,-2.09,18.21,19.04,1.29,0.04,2.02,11.72,商业百货
600874,创业环保,6.66,-1.04,13.15,13.71,1.3,0.60,2.01,8.58,公用事业
600875,东方电气,13.01,0.93,15.71,17.73,1.21,0.71,0.79,-9.43,电源设备
600879,航天电子,6.11,0.0,28.28,30.25,1.24,1.97,0.99,-22.3,航天航空
600894,广日股份,6.26,-0.48,8.73,8.34,0.64,-,0.68,-278.14,专用设备
600897,厦门空港,14.7,-1.08,43.43,30.89,1.14,-,3.68,9.84,航空机场
600901,江苏租赁,5.15,0.59,7.22,7.42,1.04,0.68,3.87,-8.29,多元金融
600908,无锡银行,5.67,0.18,6.35,6.68,0.77,0.30,2.37,1.31,银行
600909,华安证券,4.2,0.0,14.58,13.85,1.03,1.03,5.82,-247.9,证券
600918,中泰证券,7.11,-0.28,17.99,15.48,1.39,0.58,3.95,5.53,证券
600919,江苏银行,7.15,0.85,5.02,5.36,0.68,0.16,1.61,0.76,银行
600926,杭州银行,14.1,0.0,8.32,9.03,1.12,0.26,2.74,-1.12,银行
600928,西安银行,3.67,-0.54,6.03,5.82,0.58,3.47,2.38,1.03,银行
600938,中国海油,15.82,0.7,8.32,10.63,1.45,0.00,2.63,4.58,石油行业
600939,重庆建工,4.68,-8.06,31.6,32.56,1.16,21.38,0.16,62.17,工程建设
600941,中国移动,65.08,0.02,11.83,11.99,1.12,0.00,1.59,4.4,通信服务
600958,东方证券,8.93,1.02,17.15,14.13,1.26,0.13,3.4,-2.66,证券
600959,江苏有线,3.26,-2.69,48.78,51.74,0.74,0.16,2.17,7.48,文化传媒
600963,岳阳林纸,5.24,-1.13,37.04,31.72,1.06,-,1.25,28.28,造纸印刷
600966,博汇纸业,7.4,-0.8,9.2,5.8,1.38,0.11,0.6,5.17,造纸印刷
600967,内蒙一机,8.91,0.45,19.57,20.34,1.43,1.34,1.03,-7.35,交运设备
600968,海油发展,2.49,1.63,18.54,19.72,1.23,-,0.63,5.93,采掘行业
600969,郴电国际,8.89,-2.95,52.48,71.65,0.9,0.28,0.93,3.51,电力行业
600970,中材国际,8.21,-0.48,10.15,10.28,1.38,0.11,0.5,12.4,工程建设
600971,恒源煤电,7.5,1.21,5.93,6.49,0.87,0.06,1.2,4.14,煤炭行业
600979,广安爱众,3.18,-0.93,19.23,18.75,0.95,1.76,1.6,7.43,电力行业
600981,汇鸿集团,2.91,-2.35,26.76,26.24,1.17,5.51,0.15,-41.64,贸易行业
600984,建设机械,7.33,-0.54,27.81,18.92,1.17,-,1.54,88.73,工程机械
600985,淮北矿业,14.46,1.69,6.88,7.5,1.22,0.17,0.51,3.02,煤炭行业
600987,航民股份,5.24,-0.95,8.07,8.26,0.99,0.69,0.58,8.38,纺织服装
600997,开滦股份,7.21,1.12,6.37,6.31,0.81,0.10,0.52,2.31,煤炭行业
600998,九州通,12.39,0.41,10.85,9.48,1.07,-,0.19,7.18,医药商业
600999,招商证券,12.9,0.23,10.66,9.63,1.14,0.43,4.13,92.24,证券
601000,唐山港,2.57,-3.38,7.57,7.29,0.8,0.61,2.76,7.3,航运港口
601002,晋亿实业,4.77,-0.83,20.81,21.27,1.09,-,1.54,-485.22,通用设备
601003,柳钢股份,4.17,-0.95,38.09,7.34,0.89,-,0.11,3.23,钢铁行业
601005,重庆钢铁,1.78,0.0,9.77,6.98,0.7,0.05,0.41,2.29,钢铁行业
601006,大秦铁路,6.53,-0.31,8.42,7.97,0.78,0.73,1.25,6.17,物流行业
601008,连云港,3.85,-1.28,37.65,43.82,1.17,0.16,2.28,4.21,航运港口
601009,南京银行,11.68,5.42,6.97,7.38,1.02,0.32,2.72,1.91,银行
601010,文峰股份,3.04,-2.56,43.8,23.75,1.19,-,2.33,15.55,商业百货
601011,宝泰隆,3.88,0.26,49.2,49.14,0.98,0.29,2.09,11.64,煤炭行业
601015,陕西黑猫,5.12,-0.19,8.41,6.85,1.2,0.02,0.53,40.58,煤炭行业
601018,宁波港,3.95,-1.0,14.37,14.41,1.12,0.48,2.57,6.13,航运港口
601019,山东出版,6.28,-1.26,8.31,8.55,1.04,1.02,1.18,5.42,文化传媒
601077,渝农商行,3.86,-0.26,4.41,4.59,0.42,0.31,1.42,0.56,银行
601098,中南传媒,9.81,-1.6,11.57,11.63,1.2,2.01,1.51,20.36,文化传媒
601101,昊华能源,8.31,0.61,4.62,4.95,1.0,0.00,1.14,2.24,煤炭行业
601107,四川成渝,4.03,-0.98,6.82,6.6,0.7,0.03,1.27,6.62,铁路公路
601108,财通证券,7.09,0.0,14.46,12.83,1.32,1.12,5.75,15.05,证券
601117,中国化学,9.38,-0.95,11.95,12.37,1.16,0.37,0.39,-23.05,工程建设
601128,常熟银行,7.62,-0.91,9.03,9.55,1.01,0.40,2.61,-12.71,银行
601155,新城控股,24.85,-0.64,4.48,4.46,0.94,-,0.33,1.95,房地产开发
601162,天风证券,2.96,0.0,62.09,43.75,1.03,1.42,6.26,14.37,证券
601163,三角轮胎,11.27,-0.27,19.37,15.02,0.8,-,1.06,17.07,橡胶制品
601166,兴业银行,19.59,1.29,4.71,4.92,0.65,0.19,1.81,-1.19,银行
601169,北京银行,4.44,-0.22,4.14,4.22,0.42,1.25,1.41,-1.49,银行
601179,中国西电,4.14,0.0,36.2,39.0,1.03,0.20,1.4,7.77,电网设备
601186,中国铁建,8.24,-0.6,4.42,4.53,0.53,0.44,0.11,64.55,工程建设
601187,厦门银行,5.81,-0.34,6.79,7.07,0.74,0.34,2.77,2.01,银行
601188,龙江交通,3.02,0.67,23.5,23.64,0.87,-,7.49,17.47,铁路公路
601198,东兴证券,8.0,0.63,18.06,15.65,0.97,2.16,4.98,1.45,证券
601200,上海环境,9.7,0.0,17.18,15.85,1.09,1.83,1.5,14.89,环保行业
601211,国泰君安,14.2,0.28,9.64,8.42,0.92,0.25,3.16,3.01,证券
601212,白银有色,2.68,0.37,165.84,242.78,1.31,12.32,0.25,27.28,有色金属
601218,吉鑫科技,4.04,1.0,18.98,18.9,1.43,-,2.14,13.21,风电设备
601222,林洋能源,7.3,1.96,16.05,16.16,1.02,-,2.82,12.29,仪器仪表
601226,华电重工,4.44,-0.67,24.88,17.09,1.34,0.08,0.5,8.5,工程机械
601228,广州港,3.41,-0.87,17.74,18.6,1.41,0.49,1.75,11.56,航运港口
601229,上海银行,6.42,0.0,4.08,4.14,0.48,0.75,1.61,2.68,银行
601233,桐昆股份,15.38,0.65,5.21,5.06,1.0,0.03,0.61,13.32,化纤行业
601238,广汽集团,13.55,3.2,17.77,19.33,1.46,0.66,1.71,-40.04,汽车整车
601258,庞大集团,1.36,2.26,40.45,15.49,1.2,0.92,0.5,-27.01,汽车服务
601288,农业银行,3.02,-0.66,4.3,4.38,0.5,0.36,1.45,4.72,银行
601298,青岛港,5.63,0.0,9.1,9.22,1.01,2.87,2.17,10.05,航运港口
601311,骆驼股份,8.77,0.8,14.77,12.37,1.19,1.16,0.84,12.7,电池
601318,中国平安,43.82,1.06,8.43,7.88,0.96,-,0.7,2.95,保险
601319,中国人保,4.64,-0.22,10.08,9.48,0.96,1.32,0.33,2.81,保险
601326,秦港股份,2.77,-1.07,14.78,14.9,0.94,3.28,2.35,6.25,航运港口
601328,交通银行,4.94,-0.6,4.12,4.19,0.45,0.36,1.34,2.46,银行
601336,新华保险,28.05,0.25,8.76,5.85,0.86,1.94,0.41,1.04,保险
601339,百隆东方,5.81,-1.53,5.84,6.36,0.94,0.02,1.11,6.32,纺织服装
601366,利群股份,6.64,-2.21,130.41,71.23,1.35,-,0.72,25.94,商业百货
601368,绿城水务,6.88,10.08,18.67,20.61,1.3,0.48,2.74,7.54,公用事业
601375,中原证券,3.85,-0.26,43.53,34.83,1.31,0.11,4.79,-8.45,证券
601377,兴业证券,6.16,0.49,11.14,8.7,1.0,0.57,2.72,4.77,证券
601390,中国中铁,6.81,-1.45,5.87,6.1,0.71,0.61,0.15,-25.94,工程建设
601398,工商银行,4.66,-0.43,4.7,4.77,0.56,0.45,1.73,1.74,银行
601500,通用股份,4.06,-0.73,2762.19,375.84,1.02,-,1.01,-34.61,橡胶制品
601512,中新集团,9.18,-1.08,9.41,9.04,1.08,0.55,3.43,3624.62,房地产开发
601515,东风股份,5.75,-1.37,13.37,11.25,1.46,0.30,2.28,16.31,包装材料
601518,吉林高速,2.68,-0.74,10.8,11.37,0.86,0.05,2.81,4.91,铁路公路
601528,瑞丰银行,8.26,1.6,9.46,9.81,0.9,0.60,3.66,1.98,银行
601555,东吴证券,6.39,0.79,15.37,13.38,0.86,0.34,3.62,1.2,证券
601566,九牧王,8.18,-0.12,123.18,24.16,1.18,-,1.56,42.83,纺织服装
601567,三星医疗,9.06,0.22,18.64,18.5,1.41,-,1.68,125.58,电网设备
601577,长沙银行,7.53,0.53,4.65,4.8,0.6,0.25,1.41,3.11,银行
601598,中国外运,3.86,-0.26,7.4,7.69,0.84,0.21,0.23,5.85,物流行业
601600,中国铝业,4.62,0.87,13.86,15.48,1.39,0.03,0.27,2.28,有色金属
601601,中国太保,21.12,1.98,8.56,7.57,0.92,0.96,0.47,1.63,保险
601607,上海医药,18.99,-5.0,16.61,13.78,1.09,1.32,0.32,19.12,医药商业
601609,金田铜业,7.07,0.28,13.53,14.12,1.42,0.28,0.12,-7.99,有色金属
601616,广电电气,3.01,0.0,39.23,37.83,1.18,-,2.78,16.85,电网设备
601618,中国中冶,3.44,-1.15,7.99,8.51,0.83,1.37,0.14,4.43,工程建设
601658,邮储银行,5.26,0.19,6.08,6.38,0.74,0.32,1.49,3.47,银行
601665,齐鲁银行,5.05,-0.2,7.26,7.62,0.84,0.32,2.19,0.72,银行
601668,中国建筑,5.88,-1.67,4.62,4.8,0.71,0.32,0.13,-3.96,工程建设
601669,中国电建,7.08,-1.26,12.36,12.55,1.15,1.50,0.24,5.78,工程建设
601678,滨化股份,5.66,0.0,7.76,7.16,1.07,0.04,1.24,7.52,化学原料
601688,华泰证券,13.08,0.23,9.69,8.9,0.84,0.41,3.27,-3.32,证券
601699,潞安环能,14.14,1.65,5.58,6.31,1.12,0.02,0.83,4.34,煤炭行业
601717,郑煤机,12.19,-0.33,10.46,11.14,1.38,0.15,0.73,7.1,汽车零部件
601728,中国电信,3.85,0.0,13.18,13.58,0.81,0.53,0.79,2.52,通信服务
601766,中国中车,4.97,-0.4,15.54,13.84,0.96,-,0.66,5.82,交运设备
601778,晶科科技,4.78,1.27,33.57,38.32,1.17,-,3.91,10.45,电力行业
601788,光大证券,11.3,0.18,15.09,14.95,0.97,0.20,3.35,6.47,证券
601800,中国交建,10.13,-2.41,8.73,9.1,0.71,0.93,0.23,-13.54,工程建设
601801,皖新传媒,4.75,-1.45,13.97,14.77,0.84,3.71,0.89,8.91,文化传媒
601811,新华文轩,8.82,-0.68,8.25,8.33,0.94,2.24,1.02,5.37,文化传媒
601816,京沪高铁,4.53,0.0,47.19,46.19,1.19,1.14,7.61,14.95,物流行业
601818,光大银行,3.13,0.32,3.88,3.9,0.44,0.26,1.11,-0.66,银行
601825,沪农商行,6.34,0.0,5.88,6.31,0.63,0.31,2.48,1.36,银行
601827,三峰环境,6.99,-0.57,11.66,9.47,1.29,0.16,2.02,6.65,环保行业
601828,美凯龙,5.42,-1.09,11.67,11.53,0.44,0.71,1.52,4.0,商业百货
601838,成都银行,16.05,-0.19,6.98,7.4,1.21,0.21,3.11,-22.24,银行
601857,中国石油,5.23,1.16,9.25,10.39,0.73,0.02,0.34,2.24,石油行业
601858,中国科传,8.03,-1.83,13.18,13.05,1.39,3.05,2.41,13.08,文化传媒
601860,紫金银行,2.85,-0.35,6.73,6.89,0.66,1.28,2.3,-1.87,银行
601866,中远海发,3.0,-0.99,6.14,6.69,1.4,0.02,1.09,2.24,航运港口
601868,中国能建,2.32,-0.85,14.57,14.87,1.13,0.34,0.29,13.87,工程建设
601878,浙商证券,9.14,0.0,16.89,16.14,1.47,0.48,2.18,131.43,证券
601880,辽港股份,1.7,0.0,22.58,21.28,1.06,0.05,3.31,10.58,航运港口
601881,中国银河,8.72,-0.46,8.84,8.48,1.03,0.17,2.47,1.35,证券
601898,中煤能源,9.65,1.47,7.73,9.63,1.05,0.06,0.52,2.46,煤炭行业
601900,南方传媒,7.53,-1.57,8.65,8.35,0.93,1.59,0.87,3.8,文化传媒
601901,方正证券,6.09,0.33,35.54,27.51,1.2,0.45,6.08,3.55,证券
601908,京运通,5.84,2.28,22.75,17.03,1.3,0.23,2.21,29.17,电力行业
601916,浙商银行,3.29,-0.6,5.31,5.53,0.54,1.94,1.23,0.86,银行
601918,新集能源,4.95,1.85,5.19,5.27,1.27,0.03,1.02,3.04,煤炭行业
601919,中远海控,14.26,0.42,2.25,2.56,1.42,0.00,0.61,1.11,航运港口
601921,浙版传媒,7.38,-0.14,11.91,12.45,1.35,0.79,1.37,9.55,文化传媒
601928,凤凰传媒,7.29,-0.95,8.3,7.55,1.12,0.14,1.42,5.86,文化传媒
601929,吉视传媒,1.97,-1.99,342.5,244.95,0.92,-,3.13,7.63,文化传媒
601939,建设银行,5.96,-0.67,4.84,4.93,0.58,0.41,1.77,2.25,银行
601949,中国出版,4.5,-1.75,10.91,10.52,1.06,2.05,1.33,8.22,文化传媒
601963,重庆银行,7.63,-0.39,5.67,5.68,0.61,1.03,1.89,-2.14,银行
601988,中国银行,3.2,0.31,4.28,4.35,0.48,0.34,1.55,-30.02,银行
601989,中国重工,3.5,-0.28,1108.31,362.91,0.94,-,2.07,-18.84,船舶制造
601992,金隅集团,2.85,0.0,10.19,10.38,0.64,3.15,0.25,2.38,水泥建材
601996,丰林集团,2.96,0.34,18.67,20.24,1.19,-,1.65,10.92,装修建材
601997,贵阳银行,6.05,-0.17,3.65,3.66,0.45,1.75,1.47,-1.08,银行
601998,中信银行,4.68,0.0,3.99,4.12,0.44,0.28,1.11,-15.78,银行
601999,出版传媒,5.4,-0.37,26.24,27.35,1.24,-,1.0,14.87,文化传媒
603009,北特科技,6.09,0.16,32.75,33.56,1.29,0.31,1.26,76.21,汽车零部件
603011,合锻智能,5.83,-0.51,36.26,44.8,1.3,0.18,2.13,-18.84,专用设备
603012,创力集团,5.5,0.18,10.49,11.36,1.19,-,1.31,7.77,专用设备
603020,爱普股份,9.35,0.21,20.46,18.99,1.14,1.95,1.08,20.9,食品饮料
603035,常熟汽饰,14.65,1.88,14.07,13.25,1.34,0.87,2.03,12.88,汽车零部件
603036,如通股份,7.94,-0.38,29.39,29.54,1.41,-,6.01,35.2,专用设备
603038,华立股份,7.99,-1.84,152.98,76.49,1.24,-,1.49,32.18,装修装饰
603042,华脉科技,9.05,-0.98,685.2,172.73,1.38,-,1.14,-31.1,通信设备
603080,新疆火炬,12.91,-0.23,17.49,17.88,1.39,0.55,2.01,9.17,燃气
603095,越剑智能,20.56,-1.2,8.44,8.38,1.19,0.03,1.73,8.27,专用设备
603096,新经典,17.42,-1.3,23.75,21.67,1.44,-,3.1,11.89,文化传媒
603111,康尼机电,4.25,-1.16,15.3,11.4,1.25,-,1.29,11.1,交运设备
603113,金能科技,9.96,-0.4,14.59,9.11,0.99,4.21,0.61,7.58,化学原料
603116,红蜻蜓,5.15,-1.34,192.72,131.74,0.9,-,1.21,13.06,纺织服装
603118,共进股份,6.72,0.45,13.81,13.46,1.06,0.84,0.5,17.86,通信设备
603167,渤海轮渡,6.81,-2.58,15.82,15.97,0.89,0.33,2.38,12.85,航运港口
603225,新凤鸣,10.17,-3.97,7.62,6.9,0.95,0.03,0.35,9.05,化纤行业
603238,诺邦股份,9.87,-1.69,33.03,18.29,1.4,-,1.27,11.6,美容护理
603269,海鸥股份,11.1,-1.6,23.27,23.59,1.41,2.44,1.01,-87.08,通用设备
603278,大业股份,8.06,-1.95,88.14,21.47,1.36,22.93,0.6,5.81,通用设备
603323,苏农银行,5.16,-0.58,7.66,8.02,0.7,0.33,2.39,-6.07,银行
603359,东珠生态,10.56,-1.03,10.18,9.8,1.28,0.31,1.8,-19.68,环保行业
603365,水星家纺,15.35,-3.82,10.45,10.61,1.5,0.23,1.05,8.41,纺织服装
603366,日出东方,4.33,-0.46,20.61,16.77,1.01,0.62,0.86,25.86,家电行业
603367,辰欣药业,11.51,-2.04,16.19,15.61,1.01,-,1.38,16.85,化学制药
603368,柳药股份,15.2,-1.43,9.55,9.77,1.0,-,0.31,11.34,医药商业
603385,惠达卫浴,7.11,-1.11,14.11,11.61,0.71,-,0.71,-31.0,装修装饰
603421,鼎信通讯,6.68,-3.19,34.39,27.82,1.38,-,1.53,12.55,通信服务
603458,勘设股份,10.74,-0.46,11.41,9.83,1.01,-,1.25,22.2,工程咨询服务
603508,思维列控,17.78,-0.28,13.57,12.56,1.13,-,4.77,71.89,软件开发
603511,爱慕股份,16.86,-1.17,19.49,19.56,1.5,-,1.9,21.62,纺织服装
603518,锦泓集团,7.47,-1.71,15.21,11.58,0.86,0.22,0.6,3.77,纺织服装
603556,海兴电力,14.69,1.45,17.55,22.88,1.28,-,2.47,91.25,电网设备
603590,康辰药业,24.3,-1.74,29.9,26.27,1.33,-,5.15,40.20,生物制品
603610,麒盛科技,16.23,-1.93,13.31,12.73,1.39,0.41,1.49,50.49,装修建材
603626,科森科技,6.73,-0.44,11.84,10.17,1.25,0.01,0.93,9.19,消费电子
603660,苏州科达,5.36,-2.01,107.62,41.95,1.48,-,1.06,-12.61,计算机设备
603661,恒林股份,38.74,-0.9,11.27,11.47,1.25,-,0.63,13.99,装修建材
603680,今创集团,7.25,0.28,20.1,16.62,1.2,-,1.56,11.23,交运设备
603685,晨丰科技,9.16,0.33,25.45,15.4,1.36,-,1.05,22.48,光学光电子
603686,福龙马,9.6,-0.52,13.3,11.73,1.29,-,0.72,23.97,环保行业
603689,皖天然气,9.96,-0.8,16.15,16.22,1.3,-,0.65,8.49,燃气
603727,博迈科,11.36,1.52,25.54,19.71,0.98,1.39,0.83,-5.49,采掘行业
603758,秦安股份,7.21,1.55,26.99,30.86,1.18,-,2.18,11.88,汽车零部件
603766,隆鑫通用,4.52,0.22,18.57,24.12,1.21,-,0.68,7.01,交运设备
603776,永安行,12.19,-0.97,104.52,64.9,0.89,-,3.38,30.1,专业服务
603788,宁波高发,11.48,1.06,18.26,17.6,1.3,-,2.65,15.75,汽车零部件
603797,联泰环保,6.02,-0.33,11.13,11.59,1.3,0.33,4.21,-16.23,环保行业
603808,歌力思,9.82,-1.21,14.08,11.93,1.25,-,1.48,13.41,纺织服装
603810,丰山集团,12.33,-1.75,21.1,17.45,1.38,-,1.33,-194.13,农药兽药
603839,安正时尚,7.28,-1.09,238.17,41.77,1.09,-,1.03,4.43,纺织服装
603869,新智认知,7.65,-1.8,314.67,173.8,0.97,107.75,4.24,5.79,互联网服务
603878,武进不锈,5.98,-0.33,15.16,13.59,0.96,-,0.91,10.44,钢铁行业
603889,新澳股份,6.28,-1.26,9.98,10.77,1.15,0.11,0.87,-60.57,纺织服装
603890,春秋电子,8.57,0.47,13.64,12.29,1.43,0.52,0.94,7.86,消费电子
603898,好莱客,9.27,-0.43,43.18,44.18,1.12,-,0.84,7.98,装修建材
603903,中持股份,9.24,-0.65,14.79,14.37,1.42,0.71,1.64,101.91,环保行业
603926,铁流股份,12.03,0.67,14.01,12.03,1.37,1.88,1.08,13.39,汽车零部件
603936,博敏电子,9.22,-0.43,19.97,19.48,1.29,-,1.35,17.69,电子元件
603937,丽岛新材,9.28,0.32,15.61,14.67,1.25,1.05,1.11,31.92,有色金属
603950,长源东谷,13.29,-0.3,15.31,12.34,1.33,-,2.17,4.93,汽车零部件
603955,大千生态,13.03,-2.76,36.41,30.17,1.1,-,3.28,-16.19,工程建设
603980,吉华集团,5.08,-0.39,173.9,26.06,0.79,-,1.62,-103.22,化学制品
603999,读者传媒,4.83,-1.63,32.3,32.71,1.49,2.17,2.23,16.29,文化传媒
605050,福然德,10.83,-0.82,14.56,13.93,1.47,1.53,0.46,20.07,物流行业
605069,正和生态,15.73,0.64,23.01,23.78,1.4,-,2.25,-7.36,环保行业
605081,太和水,25.02,-0.36,22.15,21.49,1.06,-,4.24,-22.15,环保行业
605088,冠盛股份,12.26,0.0,16.68,17.34,1.33,0.55,0.79,24.48,汽车零部件
605100,华丰股份,18.74,-0.05,17.77,13.88,1.23,-,2.04,5.96,通用设备
605122,四方新材,17.38,-2.52,24.03,22.38,1.28,-,2.09,-14.98,水泥建材
605177,东亚药业,20.6,-1.48,35.24,34.17,1.31,-,3.01,-27.46,化学制药
605208,永茂泰,16.34,-0.24,12.55,13.51,1.47,0.37,0.88,-8.36,汽车零部件
605288,凯迪股份,33.19,-1.04,26.45,20.12,1.14,-,1.41,-24.49,专用设备
605303,园林股份,13.39,-3.88,54.32,34.97,1.3,-,1.95,-28.57,工程建设
605377,华旺科技,14.63,-1.61,10.5,10.83,1.4,0.13,1.59,9.74,造纸印刷
605500,森林包装,15.13,0.0,11.57,10.72,1.3,0.43,1.0,17.21,造纸印刷
605566,福莱蒽特,20.16,-0.74,19.02,15.32,1.31,-,2.42,30.19,化学制品
605577,龙版传媒,10.35,-1.71,10.23,10.39,1.48,0.03,2.49,8.03,文化传媒
